plan_id,plan_name,price,month_data,call_usage,message_usage,benefit,tag_code,age_code,category_code,created_at,updated_at
1,5G 프리미어 에센셜,85000,-1,무제한,기본제공,U⁺ 모바일tv 기본 월정액 무료,33,004,001,2025-06-07 01:39:50,2025-06-07 01:39:50
2,5G 스탠다드,75000,150,무제한,기본제공,U⁺ 모바일tv 기본 월정액 무료,32,004,001,2025-06-07 01:39:50,2025-06-07 01:39:50
3,5G 심플+,61000,31,무제한,기본제공,U⁺ 모바일tv 기본 월정액 무료,32,004,001,2025-06-07 01:39:50,2025-06-07 01:39:50
4,5G 프리미어 레귤러,95000,-1,무제한,기본제공,U⁺ 모바일tv 기본 월정액 무료,33,004,001,2025-06-07 01:39:50,2025-06-07 01:39:50
5,유쓰 5G 스탠다드,75000,210,무제한,기본제공,U⁺모바일tv 무료,32,001,001,2025-06-07 01:39:50,2025-06-07 01:39:50
6,5G 데이터 레귤러,63000,50,무제한,기본제공,U⁺ 모바일tv 기본 월정액 무료,37,004,001,2025-06-07 01:39:50,2025-06-07 01:39:50
7,5G 데이터 플러스,66000,80,무제한,기본제공,U⁺ 모바일tv 기본 월정액 무료,37,004,001,2025-06-07 01:39:50,2025-06-07 01:39:50
8,5G 라이트+,66000,14,무제한,기본제공,U⁺ 모바일tv 라이트 무료,38,004,001,2025-06-07 01:39:50,2025-06-07 01:39:50
9,유쓰 5G 데이터 플러스,55000,110,무제한,기본제공,U⁺모바일tv 무료,37,001,001,2025-06-07 01:39:50,2025-06-07 01:39:50
10,5G 미니,37000,5,무제한,기본제공,U⁺ 모바일tv 라이트 무료,38,004,001,2025-06-07 01:39:50,2025-06-07 01:39:50
11,유쓰 5G 라이트+,55000,26,무제한,기본제공,U⁺ 모바일tv 라이트 무료,38,001,001,2025-06-07 01:39:50,2025-06-07 01:39:50
12,5G 슬림+,47000,9,무제한,기본제공,U⁺ 모바일tv 라이트 무료,38,004,001,2025-06-07 01:39:50,2025-06-07 01:39:50
13,5G 프리미어 플러스,105000,-1,무제한,기본제공,U⁺ 모바일tv 기본 월정액 무료,37,004,001,2025-06-07 01:39:50,2025-06-07 01:39:50
14,5G 시니어 B형,43000,10,무제한,기본제공,U⁺ 모바일tv라이트 무료,38,002,001,2025-06-07 01:39:50,2025-06-07 01:39:50
15,(LTE) 데이터 시니어 33,33000,2,무제한,기본제공,실버지킴이,70,002,002,2025-06-07 01:39:50,2025-06-07 01:39:50
16,유쓰 5G 슬림+,47000,15,무제한,기본제공,U⁺ 모바일tv라이트 무료,38,001,001,2025-06-07 01:39:50,2025-06-07 01:39:50
17,5G 시니어 A형,45000,10,무제한,기본제공,U⁺ 모바일tv라이트 무료,38,002,001,2025-06-07 01:39:50,2025-06-07 01:39:50
18,유쓰 5G 데이터 레귤러,63000,70,무제한,기본제공,U⁺모바일tv 무료,37,001,001,2025-06-07 01:39:50,2025-06-07 01:39:50
19,(LTE) 데이터 33,33000,2,무제한,기본제공,U⁺ 모바일tv라이트 무료,70,004,002,2025-06-07 01:39:50,2025-06-07 01:39:50
20,유쓰 5G 미니,37000,9,무제한,기본제공,U⁺ 모바일tv 라이트 무료,38,001,001,2025-06-07 01:39:50,2025-06-07 01:39:50
21,유쓰 5G 심플+,61000,41,무제한,기본제공,U⁺모바일tv 무료,38,001,001,2025-06-07 01:39:50,2025-06-07 01:39:50
22,5G 베이직+,59000,24,무제한,기본제공,U⁺ 모바일tv 라이트 무료,38,004,001,2025-06-07 01:39:50,2025-06-07 01:39:50
23,5G 시니어 C형,39000,10,무제한,기본제공,U⁺ 모바일tv 라이트 무료,38,002,001,2025-06-07 01:39:50,2025-06-07 01:39:50
24,5G 스탠다드 에센셜,70000,125,무제한,기본제공,U⁺ 모바일tv 기본 월정액 무료,37,004,001,2025-06-07 01:39:50,2025-06-07 01:39:50
25,시니어16.5,16500,0,70분,100건,실버지킴이,90,002,002,2025-06-07 01:39:50,2025-06-07 01:39:50
26,(LTE) 추가 요금 걱정 없는 데이터 69,69000,5,무제한,기본제공,U⁺ 모바일tv 기본 월정액 무료,70,004,002,2025-06-07 01:39:50,2025-06-07 01:39:50
27,5G 데이터 슈퍼,68000,95,무제한,기본제공,U⁺ 모바일tv 기본 월정액 무료,37,004,001,2025-06-07 01:39:50,2025-06-07 01:39:50
28,유쓰 5G 스탠다드 에센셜,70000,185,무제한,기본제공,U⁺모바일tv 무료,37,004,001,2025-06-07 01:39:50,2025-06-07 01:39:50
29,5G 시그니처,130000,-1,무제한,기본제공,U⁺ 모바일tv 기본 월정액 무료,37,004,001,2025-06-07 01:39:50,2025-06-07 01:39:50
30,유쓰 5G 데이터 슈퍼,68000,135,무제한,기본제공,U⁺모바일tv 무료,37,001,001,2025-06-07 01:39:50,2025-06-07 01:39:50
31,유쓰 5G 베이직+,59000,36,무제한,기본제공,U⁺ 모바일tv 라이트 무료,38,004,001,2025-06-07 01:39:50,2025-06-07 01:39:50
33,5G 라이트 청소년,45000,8,무제한,기본제공,U⁺ 모바일tv 라이트 무료,38,004,001,2025-06-07 01:39:50,2025-06-07 01:39:50
34,5G 프리미어 슈퍼,115000,-1,무제한,기본제공,U⁺ 모바일tv 기본 월정액 무료,37,004,001,2025-06-07 01:39:50,2025-06-07 01:39:50
35,(LTE) 추가 요금 걱정 없는 데이터 청소년 33,33000,2,무제한,기본제공,U⁺ 모바일tv 라이트 무료,70,004,002,2025-06-07 01:39:50,2025-06-07 01:39:50
36,(LTE) 복지 33,33000,2,무제한,기본제공,U⁺ 모바일tv 라이트 무료,70,004,002,2025-06-07 01:39:50,2025-06-07 01:39:50
37,(LTE) 복지 49,49000,6,무제한,기본제공,U⁺ 모바일tv 라이트 무료,70,004,002,2025-06-07 01:39:50,2025-06-07 01:39:50
38,5G 복지 55,55000,14,무제한,기본제공,U⁺ 모바일tv 라이트 무료,38,004,001,2025-06-07 01:39:50,2025-06-07 01:39:50
39,LTE청소년19,20900,0,133분,"1,000건",U⁺ 모바일tv 라이트 무료,90,004,002,2025-06-07 01:39:50,2025-06-07 01:39:50
40,(LTE) 추가 요금 걱정 없는 데이터 청소년 59,59000,9,무제한,기본제공,U⁺ 모바일tv 기본 월정액 무료,70,004,002,2025-06-07 01:39:50,2025-06-07 01:39:50
41,5G 복지 75,75000,150,무제한,기본제공,U⁺모바일tv 무료,37,004,001,2025-06-07 01:39:50,2025-06-07 01:39:50
42,5G 키즈 29,29000,3,무제한,기본제공,U⁺ 모바일tv 라이트 무료,38,003,001,2025-06-07 01:39:50,2025-06-07 01:39:50
43,5G 키즈 39,39000,6,무제한,기본제공,U⁺ 모바일tv 라이트 무료,38,003,001,2025-06-07 01:39:50,2025-06-07 01:39:50
44,5G 키즈 45,45000,9,무제한,기본제공,U⁺ 모바일tv 라이트 무료,38,003,001,2025-06-07 01:39:50,2025-06-07 01:39:50
45,LTE 키즈 22(만 12세 이하),22000,1,60분,기본제공,U⁺ 모바일tv 라이트 무료,64,003,002,2025-06-07 01:39:50,2025-06-07 01:39:50
46,로밍패스,55000,9,120분,기본제공,자유롭게 기간 선택(최대 7일),128,004,002,2025-06-07 01:39:50,2025-06-07 01:39:50
47,빅 로밍패스,67000,15,120분,기본제공,자유롭게 기간 선택(최대 7일),128,004,002,2025-06-10 00:00:00,2025-06-10 00:00:00
48,프리미엄 로밍패스,99000,-1,무제한,기본제공,자유롭게 기간 선택(최대 7일),128,004,002,2025-06-10 00:00:00,2025-06-10 00:00:00
49,데일리 로밍패스,25000,1,50분,30건,자유롭게 기간 선택(최대 2일),128,003,002,2025-06-10 00:00:00,2025-06-10 00:00:00
